{
    "device_ip": "192.168.1.10",
    "static_transformation": [
        -0.0195,
        -0.005,
        0,
        0,
        0,
        0
    ],
    "rgb": {
        "rtsp_stream_location": "color",
        "camera_calibrations": {
            "320x240": {
                "width": 320,
                "height": 240,
                "type": "color",
                "camera_matrix": [
                    331.288502,
                    0,
                    156.143447,
                    0,
                    330.584846,
                    117.923026,
                    0,
                    0,
                    1
                ],
                "distortion": [
                    0,
                    0,
                    0,
                    0,
                    0
                ],
                "rectification": [
                    1,
                    0,
                    0,
                    0,
                    1,
                    0,
                    0,
                    0,
                    1
                ],
                "projection": [
                    330.734741,
                    0,
                    156.122155,
                    0,
                    0,
                    331.414398,
                    118.017564,
                    0,
                    0,
                    0,
                    1,
                    0
                ]
            },
            "640x480": {
                "width": 640,
                "height": 480,
                "type": "color",
                "camera_matrix": [
                    653.68229,
                    0.00000,
                    311.753415,
                    0.00000,
                    651.855994,
                    232.400954,
                    0.00000,
                    0.00000,
                    1.00000
                ],
                "distortion": [
                    0,
                    0,
                    0,
                    0,
                    0
                ],
                "rectification": [
                    1,
                    0,
                    0,
                    0,
                    1,
                    0,
                    0,
                    0,
                    1
                ],
                "projection": [
                    653.236267,
                    0.00000,
                    311.300997,
                    0.00000,
                    0.00000,
                    653.749329,
                    232.795105,
                    0.00000,
                    0.00000,
                    0.00000,
                    1.00000,
                    0.00000
                ]
            },
            "1280x720": {
                "width": 1280,
                "height": 720,
                "type": "color",
                "camera_matrix": [
                    1297.672904,
                    0.00000,
                    620.914026,
                    0.00000,
                    1298.631344,
                    238.280325,
                    0.00000,
                    0.00000,
                    1.00000
                ],
                "distortion": [
                    0,
                    0,
                    0,
                    0,
                    0
                ],
                "rectification": [
                    1,
                    0,
                    0,
                    0,
                    1,
                    0,
                    0,
                    0,
                    1
                ],
                "projection": [
                    1297.008057,
                    0.00000,
                    620.336773,
                    0.00000,
                    0.00000,
                    1304.157593,
                    238.813876,
                    0.00000,
                    0.00000,
                    0.00000,
                    1.00000,
                    0.00000
                ]
            },
            "1920x1080": {
                "width": 1920,
                "height": 1080,
                "type": "color",
                "camera_matrix": [
                    2612.345961,
                    0.00000,
                    946.433817,
                    0.00000,
                    2609.465641,
                    96.968156,
                    0.00000,
                    0.00000,
                    1.00000
                ],
                "distortion": [
                    0,
                    0,
                    0,
                    0,
                    0
                ],
                "rectification": [
                    1,
                    0,
                    0,
                    0,
                    1,
                    0,
                    0,
                    0,
                    1
                ],
                "projection": [
                    2621.361572,
                    0.00000,
                    951.680199,
                    0.00000,
                    0.00000,
                    2622.325928,
                    97.019183,
                    0.00000,
                    0.00000,
                    0.00000,
                    1.00000,
                    0.00000
                ]
            }
        }
    },
    "depth": {
        "rtsp_stream_location": "depth",
        "camera_calibrations": {
            "424x240": {
                "width": 424,
                "height": 240,
                "type": "depth",
                "camera_matrix": [
                    314.624969482422,
                    0.00000,
                    212.25749206543,
                    0.00000,
                    314.624969482422,
                    120.856384277344,
                    0.00000,
                    0.00000,
                    1.00000
                ],
                "distortion": [
                    0,
                    0,
                    0,
                    0,
                    0
                ],
                "rectification": [
                    1,
                    0,
                    0,
                    0,
                    1,
                    0,
                    0,
                    0,
                    1
                ],
                "projection": [
                    314.624969482422,
                    0.00000,
                    212.25749206543,
                    0.00000,
                    0.00000,
                    314.624969482422,
                    120.856384277344,
                    0.00000,
                    0.00000,
                    0.00000,
                    1.00000,
                    0.00000
                ]
            },
            "480x270": {
                "width": 480,
                "height": 270,
                "type": "depth",
                "camera_matrix": [
                    360.01333,
                    0.00000,
                    243.87228,
                    0.00000,
                    360.013366699,
                    137.9218444,
                    0.00000,
                    0.00000,
                    1.00000
                ],
                "distortion": [
                    0,
                    0,
                    0,
                    0,
                    0
                ],
                "rectification": [
                    1,
                    0,
                    0,
                    0,
                    1,
                    0,
                    0,
                    0,
                    1
                ],